sigma_meV,tau_c_s,T_K,F_readout
0.000,1.000e-12,1.0000,0.500000
0.000,1.000e-12,1.3010,0.500000
0.000,1.000e-12,1.6020,0.500000
0.000,1.000e-12,1.9030,0.500000
0.000,1.000e-12,2.2040,0.500005
0.000,1.000e-12,2.5050,0.500045
0.000,1.000e-12,2.8060,0.500259
0.000,1.000e-12,3.1070,0.501050
0.000,1.000e-12,3.4080,0.503323
0.000,1.000e-12,3.7090,0.508690
0.000,1.000e-12,4.0100,0.519539
0.000,1.000e-12,4.3110,0.538797
0.000,1.000e-12,4.6120,0.569282
0.000,1.000e-12,4.9130,0.612634
0.000,1.000e-12,5.2140,0.668111
0.000,1.000e-12,5.5151,0.731810
0.000,1.000e-12,5.8161,0.796981
0.000,1.000e-12,6.1171,0.855659
0.000,1.000e-12,6.4181,0.901060
0.000,1.000e-12,6.7191,0.929517
0.000,1.000e-12,7.0201,0.940933
0.000,1.000e-12,7.3211,0.937717
0.000,1.000e-12,7.6221,0.923106
0.000,1.000e-12,7.9231,0.899928
0.000,1.000e-12,8.2241,0.870218
0.000,1.000e-12,8.5251,0.835460
0.000,1.000e-12,8.8261,0.796992
0.000,1.000e-12,9.1271,0.756284
0.000,1.000e-12,9.4281,0.714993
0.000,1.000e-12,9.7291,0.674864
0.000,1.000e-09,1.0000,0.500000
0.000,1.000e-09,1.3010,0.500000
0.000,1.000e-09,1.6020,0.500000
0.000,1.000e-09,1.9030,0.500000
0.000,1.000e-09,2.2040,0.500005
0.000,1.000e-09,2.5050,0.500045
0.000,1.000e-09,2.8060,0.500259
0.000,1.000e-09,3.1070,0.501050
0.000,1.000e-09,3.4080,0.503323
0.000,1.000e-09,3.7090,0.508690
0.000,1.000e-09,4.0100,0.519539
0.000,1.000e-09,4.3110,0.538797
0.000,1.000e-09,4.6120,0.569282
0.000,1.000e-09,4.9130,0.612634
0.000,1.000e-09,5.2140,0.668111
0.000,1.000e-09,5.5151,0.731810
0.000,1.000e-09,5.8161,0.796981
0.000,1.000e-09,6.1171,0.855659
0.000,1.000e-09,6.4181,0.901060
0.000,1.000e-09,6.7191,0.929517
0.000,1.000e-09,7.0201,0.940933
0.000,1.000e-09,7.3211,0.937717
0.000,1.000e-09,7.6221,0.923106
0.000,1.000e-09,7.9231,0.899928
0.000,1.000e-09,8.2241,0.870218
0.000,1.000e-09,8.5251,0.835460
0.000,1.000e-09,8.8261,0.796992
0.000,1.000e-09,9.1271,0.756284
0.000,1.000e-09,9.4281,0.714993
0.000,1.000e-09,9.7291,0.674864
0.200,1.000e-12,1.0000,0.500000
0.200,1.000e-12,1.3010,0.500000
0.200,1.000e-12,1.6020,0.500000
0.200,1.000e-12,1.9030,0.500001
0.200,1.000e-12,2.2040,0.500009
0.200,1.000e-12,2.5050,0.500070
0.200,1.000e-12,2.8060,0.500364
0.200,1.000e-12,3.1070,0.501387
0.200,1.000e-12,3.4080,0.504186
0.200,1.000e-12,3.7090,0.510547
0.200,1.000e-12,4.0100,0.523014
0.200,1.000e-12,4.3110,0.544562
0.200,1.000e-12,4.6120,0.577853
0.200,1.000e-12,4.9130,0.624098
0.200,1.000e-12,5.2140,0.681899
0.200,1.000e-12,5.5151,0.746655
0.200,1.000e-12,5.8161,0.811173
0.200,1.000e-12,6.1171,0.867552
0.200,1.000e-12,6.4181,0.909585
0.200,1.000e-12,6.7191,0.934427
0.200,1.000e-12,7.0201,0.942667
0.200,1.000e-12,7.3211,0.937032
0.200,1.000e-12,7.6221,0.920728
0.200,1.000e-12,7.9231,0.896382
0.200,1.000e-12,8.2241,0.865839
0.200,1.000e-12,8.5251,0.830477
0.200,1.000e-12,8.8261,0.791612
0.200,1.000e-12,9.1271,0.750724
0.200,1.000e-12,9.4281,0.709489
0.200,1.000e-12,9.7291,0.669647
0.200,1.000e-09,1.0000,0.500000
0.200,1.000e-09,1.3010,0.500000
0.200,1.000e-09,1.6020,0.500000
0.200,1.000e-09,1.9030,0.500000
0.200,1.000e-09,2.2040,0.500007
0.200,1.000e-09,2.5050,0.500056
0.200,1.000e-09,2.8060,0.500307
0.200,1.000e-09,3.1070,0.501207
0.200,1.000e-09,3.4080,0.503730
0.200,1.000e-09,3.7090,0.509575
0.200,1.000e-09,4.0100,0.521209
0.200,1.000e-09,4.3110,0.541587
0.200,1.000e-09,4.6120,0.573458
0.200,1.000e-09,4.9130,0.618256
0.200,1.000e-09,5.2140,0.674916
0.200,1.000e-09,5.5151,0.739186
0.200,1.000e-09,5.8161,0.804083
0.200,1.000e-09,6.1171,0.861657
0.200,1.000e-09,6.4181,0.905400
0.200,1.000e-09,6.7191,0.932052
0.200,1.000e-09,7.0201,0.941867
0.200,1.000e-09,7.3211,0.937423
0.200,1.000e-09,7.6221,0.921950
0.200,1.000e-09,7.9231,0.898177
0.200,1.000e-09,8.2241,0.868045
0.200,1.000e-09,8.5251,0.832981
0.200,1.000e-09,8.8261,0.794310
0.200,1.000e-09,9.1271,0.753508
0.200,1.000e-09,9.4281,0.712241
0.200,1.000e-09,9.7291,0.672252
0.500,1.000e-12,1.0000,0.500000
0.500,1.000e-12,1.3010,0.500000
0.500,1.000e-12,1.6020,0.500003
0.500,1.000e-12,1.9030,0.500028
0.500,1.000e-12,2.2040,0.500158
0.500,1.000e-12,2.5050,0.500662
0.500,1.000e-12,2.8060,0.502184
0.500,1.000e-12,3.1070,0.505965
0.500,1.000e-12,3.4080,0.513984
0.500,1.000e-12,3.7090,0.528895
0.500,1.000e-12,4.0100,0.553610
0.500,1.000e-12,4.3110,0.590455
0.500,1.000e-12,4.6120,0.640026
0.500,1.000e-12,4.9130,0.700149
0.500,1.000e-12,5.2140,0.765572
0.500,1.000e-12,5.5151,0.828894
0.500,1.000e-12,5.8161,0.882621
0.500,1.000e-12,6.1171,0.921431
0.500,1.000e-12,6.4181,0.943439
0.500,1.000e-12,6.7191,0.949876
0.500,1.000e-12,7.0201,0.943620
0.500,1.000e-12,7.3211,0.927653
0.500,1.000e-12,7.6221,0.904222
0.500,1.000e-12,7.9231,0.874808
0.500,1.000e-12,8.2241,0.840513
0.500,1.000e-12,8.5251,0.802455
0.500,1.000e-12,8.8261,0.761984
0.500,1.000e-12,9.1271,0.720701
0.500,1.000e-12,9.4281,0.680338
0.500,1.000e-12,9.7291,0.642559
0.500,1.000e-09,1.0000,0.500000
0.500,1.000e-09,1.3010,0.500000
0.500,1.000e-09,1.6020,0.500000
0.500,1.000e-09,1.9030,0.500003
0.500,1.000e-09,2.2040,0.500028
0.500,1.000e-09,2.5050,0.500174
0.500,1.000e-09,2.8060,0.500753
0.500,1.000e-09,3.1070,0.502507
0.500,1.000e-09,3.4080,0.506834
0.500,1.000e-09,3.7090,0.515905
0.500,1.000e-09,4.0100,0.532531
0.500,1.000e-09,4.3110,0.559643
0.500,1.000e-09,4.6120,0.599337
0.500,1.000e-09,4.9130,0.651673
0.500,1.000e-09,5.2140,0.713709
0.500,1.000e-09,5.5151,0.779452
0.500,1.000e-09,5.8161,0.841117
0.500,1.000e-09,6.1171,0.891395
0.500,1.000e-09,6.4181,0.925636
0.500,1.000e-09,6.7191,0.942775
0.500,1.000e-09,7.0201,0.944638
0.500,1.000e-09,7.3211,0.934334
0.500,1.000e-09,7.6221,0.914807
0.500,1.000e-09,7.9231,0.888214
0.500,1.000e-09,8.2241,0.856036
0.500,1.000e-09,8.5251,0.819489
0.500,1.000e-09,8.8261,0.779871
0.500,1.000e-09,9.1271,0.738709
0.500,1.000e-09,9.4281,0.697707
0.500,1.000e-09,9.7291,0.658589
