T_K,Gamma0_Hz,Gamma1_Hz,ratio_G1_over_G0
0.10000,1.631716e-281,4.052255e-168,2.483431e+113
0.12481,6.621774e-224,4.716681e-133,7.122988e+90
0.14962,2.103894e-185,1.287261e-109,6.118470e+75
0.17444,7.445674e-158,7.560496e-93,1.015421e+65
0.19925,3.627052e-137,2.958235e-80,8.156033e+56
0.22406,4.627804e-121,1.881811e-70,4.066316e+50
0.24887,3.628804e-108,1.328417e-62,3.660756e+45
0.27368,1.306648e-97,3.539697e-56,2.708991e+41
0.29850,8.271537e-89,8.060405e-51,9.744748e+37
0.32331,2.333980e-81,2.763442e-46,1.184004e+35
0.34812,5.708842e-75,2.138320e-42,3.745628e+32
0.37293,1.972072e-69,5.026404e-39,2.548793e+30
0.39774,1.387745e-64,4.485807e-36,3.232444e+28
0.42256,2.632874e-60,1.802661e-33,6.846740e+26
0.44737,1.674954e-56,3.725051e-31,2.223972e+25
0.47218,4.244604e-53,4.395733e-29,1.035605e+24
0.49699,4.918163e-50,3.221469e-27,6.550147e+22
0.52180,2.913285e-47,1.569319e-25,5.386770e+21
0.54662,9.666224e-45,5.372252e-24,5.557756e+20
0.57143,1.937371e-42,1.353153e-22,6.984481e+19
0.59624,2.497934e-40,2.605667e-21,1.043129e+19
0.62105,2.184360e-38,3.961407e-20,1.813532e+18
0.64586,1.354803e-36,4.886166e-19,3.606549e+17
0.67068,6.191497e-35,5.004422e-18,8.082733e+16
0.69549,2.154158e-33,4.341574e-17,2.015439e+16
0.72030,5.868962e-32,3.245624e-16,5.530150e+15
0.74511,1.283087e-30,2.122094e-15,1.653897e+15
0.76992,2.299340e-29,1.229339e-14,5.346484e+14
0.79474,3.441045e-28,6.381782e-14,1.854606e+14
0.81955,4.371449e-27,2.998489e-13,6.859256e+13
0.84436,4.782786e-26,1.286385e-12,2.689615e+13
0.86917,4.564711e-25,5.078434e-12,1.112542e+13
0.89398,3.843809e-24,1.857742e-11,4.833076e+12
0.91880,2.884911e-23,6.336066e-11,2.196278e+12
0.94361,1.947455e-22,2.025967e-10,1.040315e+12
0.96842,1.192081e-21,6.103478e-10,5.120020e+11
0.99323,6.665485e-21,1.740176e-09,2.610727e+11
1.01805,3.427047e-20,4.714434e-09,1.375655e+11
1.04286,1.629939e-19,1.218062e-08,7.473054e+10
1.06767,7.210160e-19,3.011266e-08,4.176420e+10
1.09248,2.981160e-18,7.144529e-08,2.396560e+10
1.11729,1.157302e-17,1.631296e-07,1.409568e+10
1.14211,4.235587e-17,3.593458e-07,8.483968e+09
1.16692,1.466961e-16,7.654327e-07,5.217811e+09
1.19173,4.824569e-16,1.579890e-06,3.274677e+09
1.21654,1.511499e-15,3.165987e-06,2.094601e+09
1.24135,4.524088e-15,6.170541e-06,1.363930e+09
1.26617,1.297161e-14,1.171599e-05,9.032022e+08
1.29098,3.571678e-14,2.170356e-05,6.076572e+08
1.31579,9.465880e-14,3.928122e-05,4.149769e+08
1.34060,2.419809e-13,6.955071e-05,2.874223e+08
1.36541,5.978426e-13,1.206148e-04,2.017501e+08
1.39023,1.430116e-12,2.050998e-04,1.434147e+08
1.41504,3.317969e-12,3.423293e-04,1.031743e+08
1.43985,7.477843e-12,5.613777e-04,7.507214e+07
1.46466,1.639546e-11,9.052913e-04,5.521596e+07
1.48947,3.501965e-11,1.436836e-03,4.102942e+07
1.51429,7.296241e-11,2.246217e-03,3.078595e+07
1.53910,1.484595e-10,3.461304e-03,2.331480e+07
1.56391,2.953437e-10,5.261009e-03,1.781317e+07
1.58872,5.750649e-10,7.892579e-03,1.372468e+07
1.61353,1.096998e-09,1.169368e-02,1.065971e+07
1.63835,2.052103e-09,1.712034e-02,8.342830e+06
1.66316,3.767704e-09,2.478185e-02,6.577441e+06
1.68797,6.795114e-09,3.548402e-02,5.221990e+06
1.71278,1.204748e-08,5.028230e-02,4.173677e+06
1.73759,2.101325e-08,7.054628e-02,3.357229e+06
1.76241,3.608174e-08,9.803753e-02,2.717096e+06
1.78722,6.103267e-08,1.350027e-01,2.211974e+06
1.81203,1.017620e-07,1.842837e-01,1.810928e+06
1.83684,1.673443e-07,2.494483e-01,1.490629e+06
1.86165,2.715676e-07,3.349417e-01,1.233364e+06
1.88647,4.351246e-07,4.462631e-01,1.025598e+06
1.91128,6.887058e-07,5.901699e-01,8.569260e+05
1.93609,1.077314e-06,7.749111e-01,7.192991e+05
1.96090,1.666226e-06,1.010494e+00,6.064567e+05
1.98571,2.549131e-06,1.308984e+00,5.135021e+05
2.01053,3.859160e-06,1.684848e+00,4.365842e+05
2.03534,5.783654e-06,2.155333e+00,3.726594e+05
2.06015,8.583798e-06,2.740892e+00,3.193099e+05
2.08496,1.262046e-05,3.465652e+00,2.746058e+05
2.10977,1.838797e-05,4.357942e+00,2.369996e+05
2.13459,2.655781e-05,5.450858e+00,2.052450e+05
2.15940,3.803485e-05,6.782892e+00,1.783336e+05
2.18421,5.402902e-05,8.398617e+00,1.554464e+05
2.20902,7.614615e-05,1.034942e+01,1.359152e+05
2.23383,1.065022e-04,1.269432e+01,1.191931e+05
2.25865,1.478657e-04,1.550080e+01,1.048303e+05
2.28346,2.038353e-04,1.884576e+01,9.245579e+04
2.30827,2.790579e-04,2.281649e+01,8.176254e+04
2.33308,3.794965e-04,2.751172e+01,7.249532e+04
2.35789,5.127566e-04,3.304277e+01,6.444143e+04
2.38271,6.884821e-04,3.953467e+01,5.742295e+04
2.40752,9.188318e-04,4.712747e+01,5.129064e+04
2.43233,1.219052e-03,5.597750e+01,4.591888e+04
2.45714,1.608157e-03,6.625879e+01,4.120168e+04
2.48195,2.109743e-03,7.816445e+01,3.704928e+04
2.50677,2.752939e-03,9.190824e+01,3.338550e+04
2.53158,3.573537e-03,1.077260e+02,3.014550e+04
2.55639,4.615306e-03,1.258775e+02,2.727392e+04
2.58120,5.931531e-03,1.466478e+02,2.472342e+04
2.60602,7.586792e-03,1.703491e+02,2.245337e+04
2.63083,9.659026e-03,1.973226e+02,2.042883e+04
2.65564,1.224190e-02,2.279402e+02,1.861968e+04
2.68045,1.544752e-02,2.626064e+02,1.699991e+04
2.70526,1.940958e-02,3.017602e+02,1.554697e+04
2.73008,2.428683e-02,3.458768e+02,1.424133e+04
2.75489,3.026719e-02,3.954699e+02,1.306596e+04
2.77970,3.757220e-02,4.510935e+02,1.200605e+04
2.80451,4.646219e-02,5.133440e+02,1.104864e+04
2.82932,5.724203e-02,5.828619e+02,1.018241e+04
2.85414,7.026757e-02,6.603343e+02,9.397427e+03
2.87895,8.595280e-02,7.464966e+02,8.684960e+03
2.90376,1.047779e-01,8.421347e+02,8.037331e+03
2.92857,1.272981e-01,9.480870e+02,7.447769e+03
2.95338,1.541536e-01,1.065246e+03,6.910292e+03
2.97820,1.860801e-01,1.194562e+03,6.419611e+03
3.00301,2.239214e-01,1.337042e+03,5.971034e+03
3.02782,2.686418e-01,1.493756e+03,5.560400e+03
3.05263,3.213409e-01,1.665833e+03,5.184006e+03
3.07744,3.832692e-01,1.854470e+03,4.838557e+03
3.10226,4.558455e-01,2.060929e+03,4.521112e+03
3.12707,5.406749e-01,2.286539e+03,4.229045e+03
3.15188,6.395696e-01,2.532701e+03,3.960008e+03
3.17669,7.545705e-01,2.800887e+03,3.711895e+03
3.20150,8.879709e-01,3.092642e+03,3.482819e+03
3.22632,1.042342e+00,3.409588e+03,3.271084e+03
3.25113,1.220560e+00,3.753421e+03,3.075163e+03
3.27594,1.425836e+00,4.125919e+03,2.893683e+03
3.30075,1.661749e+00,4.528937e+03,2.725404e+03
3.32556,1.932274e+00,4.964413e+03,2.569208e+03
3.35038,2.241826e+00,5.434367e+03,2.424081e+03
3.37519,2.595292e+00,5.940903e+03,2.289108e+03
3.40000,2.998075e+00,6.486211e+03,2.163459e+03
3.42481,3.456137e+00,7.072567e+03,2.046379e+03
3.44962,3.976043e+00,7.702335e+03,1.937186e+03
3.47444,4.565013e+00,8.377967e+03,1.835256e+03
3.49925,5.230970e+00,9.102004e+03,1.740022e+03
3.52406,5.982595e+00,9.877078e+03,1.650969e+03
3.54887,6.829387e+00,1.070591e+04,1.567624e+03
3.57368,7.781718e+00,1.159132e+04,1.489558e+03
3.59850,8.850899e+00,1.253621e+04,1.416377e+03
3.62331,1.004925e+01,1.354358e+04,1.347721e+03
3.64812,1.139015e+01,1.461652e+04,1.283260e+03
3.67293,1.288815e+01,1.575823e+04,1.222691e+03
3.69774,1.455901e+01,1.697197e+04,1.165737e+03
3.72256,1.641977e+01,1.826113e+04,1.112143e+03
3.74737,1.848887e+01,1.962917e+04,1.061675e+03
3.77218,2.078624e+01,2.107966e+04,1.014116e+03
3.79699,2.333332e+01,2.261625e+04,9.692682e+02
3.82180,2.615324e+01,2.424268e+04,9.269478e+02
3.84662,2.927083e+01,2.596281e+04,8.869859e+02
3.87143,3.271280e+01,2.778058e+04,8.492264e+02
3.89624,3.650779e+01,2.970000e+04,8.135250e+02
3.92105,4.068647e+01,3.172520e+04,7.797481e+02
3.94586,4.528169e+01,3.386039e+04,7.477724e+02
3.97068,5.032855e+01,3.610989e+04,7.174832e+02
3.99549,5.586454e+01,3.847807e+04,6.887746e+02
4.02030,6.192964e+01,4.096944e+04,6.615481e+02
4.04511,6.856648e+01,4.358855e+04,6.357123e+02
4.06992,7.582039e+01,4.634007e+04,6.111822e+02
4.09474,8.373961e+01,4.922875e+04,5.878789e+02
4.11955,9.237535e+01,5.225942e+04,5.657291e+02
4.14436,1.017820e+02,5.543699e+04,5.446642e+02
4.16917,1.120171e+02,5.876647e+04,5.246205e+02
4.19398,1.231418e+02,6.225294e+04,5.055387e+02
4.21880,1.352206e+02,6.590156e+04,4.873632e+02
4.24361,1.483218e+02,6.971757e+04,4.700425e+02
4.26842,1.625176e+02,7.370630e+04,4.535281e+02
4.29323,1.778840e+02,7.787314e+04,4.377748e+02
4.31805,1.945013e+02,8.222356e+04,4.227405e+02
4.34286,2.124540e+02,8.676311e+04,4.083855e+02
4.36767,2.318310e+02,9.149741e+04,3.946728e+02
4.39248,2.527261e+02,9.643214e+04,3.815678e+02
4.41729,2.752375e+02,1.015731e+05,3.690379e+02
4.44211,2.994684e+02,1.069260e+05,3.570526e+02
4.46692,3.255273e+02,1.124968e+05,3.455833e+02
4.49173,3.535277e+02,1.182915e+05,3.346031e+02
4.51654,3.835887e+02,1.243160e+05,3.240867e+02
4.54135,4.158348e+02,1.305764e+05,3.140104e+02
4.56617,4.503964e+02,1.370790e+05,3.043518e+02
4.59098,4.874097e+02,1.438297e+05,2.950900e+02
4.61579,5.270171e+02,1.508349e+05,2.862051e+02
4.64060,5.693671e+02,1.581010e+05,2.776784e+02
4.66541,6.146148e+02,1.656341e+05,2.694925e+02
4.69023,6.629218e+02,1.734407e+05,2.616307e+02
4.71504,7.144564e+02,1.815272e+05,2.540774e+02
4.73985,7.693939e+02,1.899002e+05,2.468179e+02
4.76466,8.279168e+02,1.985660e+05,2.398381e+02
4.78947,8.902147e+02,2.075314e+05,2.331251e+02
4.81429,9.564848e+02,2.168028e+05,2.266662e+02
4.83910,1.026932e+03,2.263870e+05,2.204499e+02
4.86391,1.101768e+03,2.362905e+05,2.144648e+02
4.88872,1.181215e+03,2.465201e+05,2.087005e+02
4.91353,1.265499e+03,2.570825e+05,2.031471e+02
4.93835,1.354860e+03,2.679844e+05,1.977950e+02
4.96316,1.449541e+03,2.792327e+05,1.926353e+02
4.98797,1.549796e+03,2.908342e+05,1.876596e+02
5.01278,1.655889e+03,3.027956e+05,1.828598e+02
5.03759,1.768092e+03,3.151238e+05,1.782282e+02
5.06241,1.886684e+03,3.278256e+05,1.737576e+02
5.08722,2.011955e+03,3.409080e+05,1.694412e+02
5.11203,2.144207e+03,3.543779e+05,1.652723e+02
5.13684,2.283746e+03,3.682421e+05,1.612448e+02
5.16165,2.430892e+03,3.825075e+05,1.573527e+02
5.18647,2.585974e+03,3.971812e+05,1.535905e+02
5.21128,2.749330e+03,4.122699e+05,1.499528e+02
5.23609,2.921309e+03,4.277806e+05,1.464346e+02
5.26090,3.102270e+03,4.437203e+05,1.430309e+02
5.28571,3.292581e+03,4.600959e+05,1.397371e+02
5.31053,3.492624e+03,4.769142e+05,1.365490e+02
5.33534,3.702789e+03,4.941823e+05,1.334622e+02
5.36015,3.923477e+03,5.119071e+05,1.304728e+02
5.38496,4.155102e+03,5.300954e+05,1.275770e+02
5.40977,4.398085e+03,5.487542e+05,1.247712e+02
5.43459,4.652862e+03,5.678903e+05,1.220518e+02
5.45940,4.919880e+03,5.875107e+05,1.194157e+02
5.48421,5.199595e+03,6.076222e+05,1.168595e+02
5.50902,5.492477e+03,6.282316e+05,1.143804e+02
5.53383,5.799005e+03,6.493458e+05,1.119754e+02
5.55865,6.119673e+03,6.709716e+05,1.096417e+02
5.58346,6.454984e+03,6.931158e+05,1.073768e+02
5.60827,6.805455e+03,7.157851e+05,1.051781e+02
5.63308,7.171614e+03,7.389863e+05,1.030432e+02
5.65789,7.554000e+03,7.627261e+05,1.009698e+02
5.68271,7.953166e+03,7.870112e+05,9.895571e+01
5.70752,8.369677e+03,8.118483e+05,9.699876e+01
5.73233,8.804109e+03,8.372439e+05,9.509695e+01
5.75714,9.257053e+03,8.632048e+05,9.324834e+01
5.78195,9.729109e+03,8.897374e+05,9.145107e+01
5.80677,1.022089e+04,9.168484e+05,8.970337e+01
5.83158,1.073303e+04,9.445441e+05,8.800351e+01
5.85639,1.126616e+04,9.728311e+05,8.634986e+01
5.88120,1.182093e+04,1.001716e+06,8.474085e+01
5.90602,1.239802e+04,1.031205e+06,8.317496e+01
5.93083,1.299809e+04,1.061304e+06,8.165075e+01
5.95564,1.362184e+04,1.092020e+06,8.016683e+01
5.98045,1.426997e+04,1.123359e+06,7.872185e+01
6.00526,1.494320e+04,1.155327e+06,7.731454e+01
6.03008,1.564226e+04,1.187930e+06,7.594366e+01
6.05489,1.636788e+04,1.221175e+06,7.460802e+01
6.07970,1.712083e+04,1.255068e+06,7.330650e+01
6.10451,1.790187e+04,1.289614e+06,7.203798e+01
6.12932,1.871178e+04,1.324820e+06,7.080142e+01
6.15414,1.955135e+04,1.360692e+06,6.959580e+01
6.17895,2.042139e+04,1.397235e+06,6.842014e+01
6.20376,2.132273e+04,1.434455e+06,6.727352e+01
6.22857,2.225618e+04,1.472358e+06,6.615501e+01
6.25338,2.322261e+04,1.510950e+06,6.506376e+01
6.27820,2.422286e+04,1.550237e+06,6.399893e+01
6.30301,2.525780e+04,1.590223e+06,6.295970e+01
6.32782,2.632832e+04,1.630916e+06,6.194529e+01
6.35263,2.743532e+04,1.672319e+06,6.095497e+01
6.37744,2.857970e+04,1.714439e+06,5.998800e+01
6.40226,2.976239e+04,1.757281e+06,5.904368e+01
6.42707,3.098432e+04,1.800851e+06,5.812136e+01
6.45188,3.224644e+04,1.845153e+06,5.722037e+01
6.47669,3.354970e+04,1.890193e+06,5.634009e+01
6.50150,3.489508e+04,1.935976e+06,5.547991e+01
6.52632,3.628356e+04,1.982507e+06,5.463926e+01
6.55113,3.771614e+04,2.029791e+06,5.381758e+01
6.57594,3.919383e+04,2.077834e+06,5.301431e+01
6.60075,4.071764e+04,2.126639e+06,5.222893e+01
6.62556,4.228862e+04,2.176212e+06,5.146094e+01
6.65038,4.390781e+04,2.226558e+06,5.070985e+01
6.67519,4.557626e+04,2.277682e+06,4.997519e+01
6.70000,4.729504e+04,2.329588e+06,4.925649e+01
6.72481,4.906524e+04,2.382280e+06,4.855332e+01
6.74962,5.088794e+04,2.435764e+06,4.786524e+01
6.77444,5.276426e+04,2.490043e+06,4.719185e+01
6.79925,5.469530e+04,2.545122e+06,4.653275e+01
6.82406,5.668219e+04,2.601006e+06,4.588754e+01
6.84887,5.872608e+04,2.657699e+06,4.525586e+01
6.87368,6.082811e+04,2.715205e+06,4.463734e+01
6.89850,6.298944e+04,2.773528e+06,4.403163e+01
6.92331,6.521125e+04,2.832672e+06,4.343840e+01
6.94812,6.749471e+04,2.892642e+06,4.285731e+01
6.97293,6.984102e+04,2.953440e+06,4.228804e+01
6.99774,7.225139e+04,3.015072e+06,4.173030e+01
7.02256,7.472703e+04,3.077541e+06,4.118377e+01
7.04737,7.726915e+04,3.140850e+06,4.064818e+01
7.07218,7.987901e+04,3.205004e+06,4.012323e+01
7.09699,8.255784e+04,3.270006e+06,3.960867e+01
7.12180,8.530690e+04,3.335859e+06,3.910422e+01
7.14662,8.812744e+04,3.402568e+06,3.860963e+01
7.17143,9.102076e+04,3.470135e+06,3.812465e+01
7.19624,9.398813e+04,3.538564e+06,3.764905e+01
7.22105,9.703084e+04,3.607858e+06,3.718259e+01
7.24586,1.001502e+05,3.678021e+06,3.672504e+01
7.27068,1.033475e+05,3.749055e+06,3.627619e+01
7.29549,1.066241e+05,3.820964e+06,3.583583e+01
7.32030,1.099813e+05,3.893750e+06,3.540374e+01
7.34511,1.134205e+05,3.967417e+06,3.497972e+01
7.36992,1.169430e+05,4.041968e+06,3.456359e+01
7.39474,1.205501e+05,4.117406e+06,3.415515e+01
7.41955,1.242432e+05,4.193732e+06,3.375422e+01
7.44436,1.280237e+05,4.270951e+06,3.336063e+01
7.46917,1.318930e+05,4.349064e+06,3.297419e+01
7.49398,1.358524e+05,4.428074e+06,3.259474e+01
7.51880,1.399034e+05,4.507984e+06,3.222213e+01
7.54361,1.440473e+05,4.588796e+06,3.185618e+01
7.56842,1.482856e+05,4.670513e+06,3.149674e+01
7.59323,1.526196e+05,4.753136e+06,3.114367e+01
7.61805,1.570509e+05,4.836669e+06,3.079682e+01
7.64286,1.615808e+05,4.921113e+06,3.045605e+01
7.66767,1.662108e+05,5.006470e+06,3.012122e+01
7.69248,1.709422e+05,5.092743e+06,2.979219e+01
7.71729,1.757767e+05,5.179934e+06,2.946884e+01
7.74211,1.807155e+05,5.268044e+06,2.915103e+01
7.76692,1.857602e+05,5.357075e+06,2.883866e+01
7.79173,1.909123e+05,5.447030e+06,2.853158e+01
7.81654,1.961732e+05,5.537910e+06,2.822970e+01
7.84135,2.015444e+05,5.629716e+06,2.793289e+01
7.86617,2.070273e+05,5.722451e+06,2.764104e+01
7.89098,2.126236e+05,5.816116e+06,2.735405e+01
7.91579,2.183346e+05,5.910712e+06,2.707181e+01
7.94060,2.241618e+05,6.006241e+06,2.679422e+01
7.96541,2.301069e+05,6.102704e+06,2.652118e+01
7.99023,2.361712e+05,6.200104e+06,2.625259e+01
8.01504,2.423562e+05,6.298440e+06,2.598836e+01
8.03985,2.486636e+05,6.397714e+06,2.572839e+01
8.06466,2.550948e+05,6.497928e+06,2.547260e+01
8.08947,2.616514e+05,6.599083e+06,2.522090e+01
8.11429,2.683348e+05,6.701179e+06,2.497320e+01
8.13910,2.751466e+05,6.804217e+06,2.472943e+01
8.16391,2.820883e+05,6.908199e+06,2.448949e+01
8.18872,2.891616e+05,7.013126e+06,2.425331e+01
8.21353,2.963678e+05,7.118998e+06,2.402082e+01
8.23835,3.037086e+05,7.225816e+06,2.379194e+01
8.26316,3.111854e+05,7.333581e+06,2.356659e+01
8.28797,3.188000e+05,7.442293e+06,2.334471e+01
8.31278,3.265537e+05,7.551953e+06,2.312622e+01
8.33759,3.344481e+05,7.662563e+06,2.291106e+01
8.36241,3.424849e+05,7.774121e+06,2.269917e+01
8.38722,3.506655e+05,7.886629e+06,2.249046e+01
8.41203,3.589915e+05,8.000087e+06,2.228489e+01
8.43684,3.674645e+05,8.114496e+06,2.208239e+01
8.46165,3.760860e+05,8.229855e+06,2.188291e+01
8.48647,3.848576e+05,8.346165e+06,2.168637e+01
8.51128,3.937808e+05,8.463427e+06,2.149274e+01
8.53609,4.028573e+05,8.581640e+06,2.130194e+01
8.56090,4.120885e+05,8.700805e+06,2.111392e+01
8.58571,4.214760e+05,8.820921e+06,2.092864e+01
8.61053,4.310215e+05,8.941989e+06,2.074604e+01
8.63534,4.407264e+05,9.064008e+06,2.056607e+01
8.66015,4.505923e+05,9.186979e+06,2.038867e+01
8.68496,4.606208e+05,9.310902e+06,2.021381e+01
8.70977,4.708135e+05,9.435775e+06,2.004143e+01
8.73459,4.811719e+05,9.561600e+06,1.987149e+01
8.75940,4.916975e+05,9.688375e+06,1.970393e+01
8.78421,5.023920e+05,9.816101e+06,1.953873e+01
8.80902,5.132568e+05,9.944777e+06,1.937583e+01
8.83383,5.242936e+05,1.007440e+07,1.921519e+01
8.85865,5.355039e+05,1.020498e+07,1.905677e+01
8.88346,5.468893e+05,1.033650e+07,1.890054e+01
8.90827,5.584513e+05,1.046897e+07,1.874644e+01
8.93308,5.701914e+05,1.060239e+07,1.859444e+01
8.95789,5.821113e+05,1.073676e+07,1.844451e+01
8.98271,5.942124e+05,1.087207e+07,1.829661e+01
9.00752,6.064964e+05,1.100833e+07,1.815070e+01
9.03233,6.189646e+05,1.114554e+07,1.800674e+01
9.05714,6.316188e+05,1.128368e+07,1.786470e+01
9.08195,6.444604e+05,1.142278e+07,1.772456e+01
9.10677,6.574910e+05,1.156281e+07,1.758626e+01
9.13158,6.707121e+05,1.170379e+07,1.744979e+01
9.15639,6.841253e+05,1.184570e+07,1.731511e+01
9.18120,6.977320e+05,1.198856e+07,1.718218e+01
9.20602,7.115337e+05,1.213235e+07,1.705099e+01
9.23083,7.255321e+05,1.227709e+07,1.692149e+01
9.25564,7.397287e+05,1.242276e+07,1.679367e+01
9.28045,7.541248e+05,1.256936e+07,1.666748e+01
9.30526,7.687221e+05,1.271690e+07,1.654291e+01
9.33008,7.835221e+05,1.286538e+07,1.641993e+01
9.35489,7.985262e+05,1.301478e+07,1.629850e+01
9.37970,8.137360e+05,1.316512e+07,1.617861e+01
9.40451,8.291529e+05,1.331638e+07,1.606023e+01
9.42932,8.447784e+05,1.346858e+07,1.594332e+01
9.45414,8.606141e+05,1.362170e+07,1.582788e+01
9.47895,8.766614e+05,1.377574e+07,1.571387e+01
9.50376,8.929218e+05,1.393071e+07,1.560127e+01
9.52857,9.093967e+05,1.408661e+07,1.549006e+01
9.55338,9.260877e+05,1.424342e+07,1.538021e+01
9.57820,9.429961e+05,1.440116e+07,1.527170e+01
9.60301,9.601235e+05,1.455981e+07,1.516452e+01
9.62782,9.774713e+05,1.471938e+07,1.505863e+01
9.65263,9.950409e+05,1.487986e+07,1.495402e+01
9.67744,1.012834e+06,1.504126e+07,1.485067e+01
9.70226,1.030851e+06,1.520356e+07,1.474855e+01
9.72707,1.049095e+06,1.536678e+07,1.464765e+01
9.75188,1.067566e+06,1.553091e+07,1.454796e+01
9.77669,1.086267e+06,1.569594e+07,1.444944e+01
9.80150,1.105197e+06,1.586188e+07,1.435208e+01
9.82632,1.124360e+06,1.602872e+07,1.425586e+01
9.85113,1.143756e+06,1.619646e+07,1.416077e+01
9.87594,1.163386e+06,1.636511e+07,1.406679e+01
9.90075,1.183252e+06,1.653464e+07,1.397390e+01
9.92556,1.203356e+06,1.670508e+07,1.388208e+01
9.95038,1.223698e+06,1.687641e+07,1.379132e+01
9.97519,1.244281e+06,1.704863e+07,1.370159e+01
10.00000,1.265105e+06,1.722174e+07,1.361290e+01
